{"distMetaUrl":"../examples/test_data/31618/metadata@hdfs,path=file:///Users/enwei.jiao/workspace/kap4/src/spark-project/examples/test_data/31618/working-dir/..-examples-test_data-31618-metadata/default/job_tmp/32e9f7e2-787a-7415-9e8b-b50f41f38eff/00/meta","submitter":"ADMIN","dataflowId":"89af4ee2-2cdb-4b07-b39e-4c29856309aa","dataRangeEnd":"1356969600000","targetModel":"89af4ee2-2cdb-4b07-b39e-4c29856309aa","dataRangeStart":"1262275200000","project":"default","className":"io.kyligence.kap.engine.spark.job.ResourceDetectBeforeMergingJob","parentId":"32e9f7e2-787a-7415-9e8b-b50f41f38eff","jobId":"32e9f7e2-787a-7415-9e8b-b50f41f38eff","outputMetaUrl":"../examples/test_data/31618/metadata@hdfs,path=file:///Users/enwei.jiao/workspace/kap4/src/spark-project/examples/test_data/31618/working-dir/..-examples-test_data-31618-metadata/default/job_tmp/32e9f7e2-787a-7415-9e8b-b50f41f38eff/00/meta_output","layoutIds":"1000001,1,10001,10002,20001,30001,20000000001,20000010001,20000020001,20000030001","segmentIds":"63097c34-676c-2d85-bfa6-1cfceeb06e8f"}