{
  "uuid" : "2b572131-7499-5d07-cb23-77ebbd43d461",
  "last_modified" : 1647569463922,
  "create_time" : 1647569463922,
  "version" : "4.0.0.0",
  "dataflow" : "89af4ee2-2cdb-4b07-b39e-4c29856309aa",
  "layout_instances" : [ {
    "layout_id" : 20000030001,
    "build_job_id" : "c3e25f2d-ed20-2e4f-9e6e-034416ec3026",
    "rows" : 2925,
    "byte_size" : 32249,
    "file_count" : 1,
    "source_rows" : 2925,
    "source_byte_size" : 0,
    "partition_num" : 1,
    "partition_values" : [ ],
    "is_ready" : false,
    "create_time" : 1647569482252,
    "multi_partition" : [ ]
  }, {
    "layout_id" : 20000020001,
    "build_job_id" : "c3e25f2d-ed20-2e4f-9e6e-034416ec3026",
    "rows" : 2925,
    "byte_size" : 250211,
    "file_count" : 1,
    "source_rows" : 2925,
    "source_byte_size" : 0,
    "partition_num" : 1,
    "partition_values" : [ ],
    "is_ready" : false,
    "create_time" : 1647569482373,
    "multi_partition" : [ ]
  }, {
    "layout_id" : 20000000001,
    "build_job_id" : "c3e25f2d-ed20-2e4f-9e6e-034416ec3026",
    "rows" : 2925,
    "byte_size" : 31906,
    "file_count" : 1,
    "source_rows" : 2925,
    "source_byte_size" : 0,
    "partition_num" : 1,
    "partition_values" : [ ],
    "is_ready" : false,
    "create_time" : 1647569483351,
    "multi_partition" : [ ]
  }, {
    "layout_id" : 1000001,
    "build_job_id" : "c3e25f2d-ed20-2e4f-9e6e-034416ec3026",
    "rows" : 2925,
    "byte_size" : 381886,
    "file_count" : 1,
    "source_rows" : 2925,
    "source_byte_size" : 0,
    "partition_num" : 1,
    "partition_values" : [ ],
    "is_ready" : false,
    "create_time" : 1647569484028,
    "multi_partition" : [ ]
  }, {
    "layout_id" : 20000010001,
    "build_job_id" : "c3e25f2d-ed20-2e4f-9e6e-034416ec3026",
    "rows" : 2925,
    "byte_size" : 15356,
    "file_count" : 1,
    "source_rows" : 2925,
    "source_byte_size" : 0,
    "partition_num" : 1,
    "partition_values" : [ ],
    "is_ready" : false,
    "create_time" : 1647569484203,
    "multi_partition" : [ ]
  }, {
    "layout_id" : 30001,
    "build_job_id" : "c3e25f2d-ed20-2e4f-9e6e-034416ec3026",
    "rows" : 2925,
    "byte_size" : 42278,
    "file_count" : 1,
    "source_rows" : 2925,
    "source_byte_size" : 0,
    "partition_num" : 1,
    "partition_values" : [ ],
    "is_ready" : false,
    "create_time" : 1647569484734,
    "multi_partition" : [ ]
  }, {
    "layout_id" : 20001,
    "build_job_id" : "c3e25f2d-ed20-2e4f-9e6e-034416ec3026",
    "rows" : 2925,
    "byte_size" : 33140,
    "file_count" : 1,
    "source_rows" : 2925,
    "source_byte_size" : 0,
    "partition_num" : 1,
    "partition_values" : [ ],
    "is_ready" : false,
    "create_time" : 1647569485421,
    "multi_partition" : [ ]
  }, {
    "layout_id" : 10001,
    "build_job_id" : "c3e25f2d-ed20-2e4f-9e6e-034416ec3026",
    "rows" : 2925,
    "byte_size" : 31727,
    "file_count" : 1,
    "source_rows" : 2925,
    "source_byte_size" : 0,
    "partition_num" : 1,
    "partition_values" : [ ],
    "is_ready" : false,
    "create_time" : 1647569486168,
    "multi_partition" : [ ]
  }, {
    "layout_id" : 10002,
    "build_job_id" : "c3e25f2d-ed20-2e4f-9e6e-034416ec3026",
    "rows" : 2925,
    "byte_size" : 31727,
    "file_count" : 1,
    "source_rows" : 2925,
    "source_byte_size" : 0,
    "partition_num" : 1,
    "partition_values" : [ ],
    "is_ready" : false,
    "create_time" : 1647569486871,
    "multi_partition" : [ ]
  }, {
    "layout_id" : 1,
    "build_job_id" : "c3e25f2d-ed20-2e4f-9e6e-034416ec3026",
    "rows" : 2925,
    "byte_size" : 30118,
    "file_count" : 1,
    "source_rows" : 2925,
    "source_byte_size" : 0,
    "partition_num" : 1,
    "partition_values" : [ ],
    "is_ready" : false,
    "create_time" : 1647569486871,
    "multi_partition" : [ ]
  } ]
}