{"distMetaUrl":"../examples/test_data/31618/metadata@hdfs,path=file:///Users/enwei.jiao/workspace/kap4/src/spark-project/examples/test_data/31618/working-dir/..-examples-test_data-31618-metadata/default/job_tmp/95689148-a0a8-bdd2-3051-da9c59a83152/00/meta","submitter":"ADMIN","dataflowId":"741ca86a-1f13-46da-a59f-95fb68615e3a","dataRangeEnd":"1338480000000","targetModel":"741ca86a-1f13-46da-a59f-95fb68615e3a","excludedTables":"","dataRangeStart":"1262275200000","project":"default","className":"io.kyligence.kap.engine.spark.job.RDSegmentBuildJob","parentId":"95689148-a0a8-bdd2-3051-da9c59a83152","jobId":"95689148-a0a8-bdd2-3051-da9c59a83152","outputMetaUrl":"../examples/test_data/31618/metadata@hdfs,path=file:///Users/enwei.jiao/workspace/kap4/src/spark-project/examples/test_data/31618/working-dir/..-examples-test_data-31618-metadata/default/job_tmp/95689148-a0a8-bdd2-3051-da9c59a83152/00/meta_output","layoutIds":"1000001,1,10001,10002,20001,30001,20000000001,20000010001,20000020001,1070001,1010001,1060001,1030001,1090001,1100001,1020001,1040001,1080001,1050001","segmentIds":"2991a0bb-d672-1961-c5c8-606edc00110b"}