{
  "uuid" : "be11f0a2-6359-b5c0-559a-a82c551f82b0",
  "last_modified" : 1647569568101,
  "create_time" : 1647569544306,
  "version" : "4.0.0.0",
  "dataflow" : "741ca86a-1f13-46da-a59f-95fb68615e3a",
  "layout_instances" : [ {
    "layout_id" : 20000020001,
    "build_job_id" : "73fe9dfe-17c8-df21-92df-3ab873be3352",
    "rows" : 2815,
    "byte_size" : 218652,
    "file_count" : 1,
    "source_rows" : 2815,
    "source_byte_size" : 0,
    "partition_num" : 1,
    "partition_values" : [ ],
    "is_ready" : false,
    "create_time" : 1647569557006,
    "multi_partition" : [ ]
  }, {
    "layout_id" : 20000000001,
    "build_job_id" : "73fe9dfe-17c8-df21-92df-3ab873be3352",
    "rows" : 2815,
    "byte_size" : 30821,
    "file_count" : 1,
    "source_rows" : 2815,
    "source_byte_size" : 0,
    "partition_num" : 1,
    "partition_values" : [ ],
    "is_ready" : false,
    "create_time" : 1647569558031,
    "multi_partition" : [ ]
  }, {
    "layout_id" : 1000001,
    "build_job_id" : "73fe9dfe-17c8-df21-92df-3ab873be3352",
    "rows" : 2815,
    "byte_size" : 343603,
    "file_count" : 1,
    "source_rows" : 2815,
    "source_byte_size" : 0,
    "partition_num" : 1,
    "partition_values" : [ ],
    "is_ready" : false,
    "create_time" : 1647569558211,
    "multi_partition" : [ ]
  }, {
    "layout_id" : 20000010001,
    "build_job_id" : "73fe9dfe-17c8-df21-92df-3ab873be3352",
    "rows" : 2815,
    "byte_size" : 14856,
    "file_count" : 1,
    "source_rows" : 2815,
    "source_byte_size" : 0,
    "partition_num" : 1,
    "partition_values" : [ ],
    "is_ready" : false,
    "create_time" : 1647569562964,
    "multi_partition" : [ ]
  }, {
    "layout_id" : 1090001,
    "build_job_id" : "73fe9dfe-17c8-df21-92df-3ab873be3352",
    "rows" : 2813,
    "byte_size" : 218491,
    "file_count" : 1,
    "source_rows" : 2815,
    "source_byte_size" : 0,
    "partition_num" : 1,
    "partition_values" : [ ],
    "is_ready" : false,
    "create_time" : 1647569563630,
    "multi_partition" : [ ]
  }, {
    "layout_id" : 1040001,
    "build_job_id" : "73fe9dfe-17c8-df21-92df-3ab873be3352",
    "rows" : 2611,
    "byte_size" : 159358,
    "file_count" : 1,
    "source_rows" : 2815,
    "source_byte_size" : 0,
    "partition_num" : 1,
    "partition_values" : [ ],
    "is_ready" : false,
    "create_time" : 1647569563680,
    "multi_partition" : [ ]
  }, {
    "layout_id" : 1050001,
    "build_job_id" : "73fe9dfe-17c8-df21-92df-3ab873be3352",
    "rows" : 2683,
    "byte_size" : 172043,
    "file_count" : 1,
    "source_rows" : 2815,
    "source_byte_size" : 0,
    "partition_num" : 1,
    "partition_values" : [ ],
    "is_ready" : false,
    "create_time" : 1647569563680,
    "multi_partition" : [ ]
  }, {
    "layout_id" : 1100001,
    "build_job_id" : "73fe9dfe-17c8-df21-92df-3ab873be3352",
    "rows" : 2794,
    "byte_size" : 169835,
    "file_count" : 1,
    "source_rows" : 2815,
    "source_byte_size" : 0,
    "partition_num" : 1,
    "partition_values" : [ ],
    "is_ready" : false,
    "create_time" : 1647569564025,
    "multi_partition" : [ ]
  }, {
    "layout_id" : 20001,
    "build_job_id" : "73fe9dfe-17c8-df21-92df-3ab873be3352",
    "rows" : 2815,
    "byte_size" : 32054,
    "file_count" : 1,
    "source_rows" : 2815,
    "source_byte_size" : 0,
    "partition_num" : 1,
    "partition_values" : [ ],
    "is_ready" : false,
    "create_time" : 1647569564025,
    "multi_partition" : [ ]
  }, {
    "layout_id" : 30001,
    "build_job_id" : "73fe9dfe-17c8-df21-92df-3ab873be3352",
    "rows" : 2815,
    "byte_size" : 39520,
    "file_count" : 1,
    "source_rows" : 2815,
    "source_byte_size" : 0,
    "partition_num" : 1,
    "partition_values" : [ ],
    "is_ready" : false,
    "create_time" : 1647569564025,
    "multi_partition" : [ ]
  }, {
    "layout_id" : 1070001,
    "build_job_id" : "73fe9dfe-17c8-df21-92df-3ab873be3352",
    "rows" : 143,
    "byte_size" : 66957,
    "file_count" : 1,
    "source_rows" : 2683,
    "source_byte_size" : 0,
    "partition_num" : 1,
    "partition_values" : [ ],
    "is_ready" : false,
    "create_time" : 1647569565936,
    "multi_partition" : [ ]
  }, {
    "layout_id" : 1020001,
    "build_job_id" : "73fe9dfe-17c8-df21-92df-3ab873be3352",
    "rows" : 226,
    "byte_size" : 66493,
    "file_count" : 1,
    "source_rows" : 2611,
    "source_byte_size" : 0,
    "partition_num" : 1,
    "partition_values" : [ ],
    "is_ready" : false,
    "create_time" : 1647569566182,
    "multi_partition" : [ ]
  }, {
    "layout_id" : 10001,
    "build_job_id" : "73fe9dfe-17c8-df21-92df-3ab873be3352",
    "rows" : 2815,
    "byte_size" : 16052,
    "file_count" : 1,
    "source_rows" : 2815,
    "source_byte_size" : 0,
    "partition_num" : 1,
    "partition_values" : [ ],
    "is_ready" : false,
    "create_time" : 1647569566182,
    "multi_partition" : [ ]
  }, {
    "layout_id" : 10002,
    "build_job_id" : "73fe9dfe-17c8-df21-92df-3ab873be3352",
    "rows" : 2815,
    "byte_size" : 16052,
    "file_count" : 1,
    "source_rows" : 2815,
    "source_byte_size" : 0,
    "partition_num" : 1,
    "partition_values" : [ ],
    "is_ready" : false,
    "create_time" : 1647569566183,
    "multi_partition" : [ ]
  }, {
    "layout_id" : 1,
    "build_job_id" : "73fe9dfe-17c8-df21-92df-3ab873be3352",
    "rows" : 2815,
    "byte_size" : 29079,
    "file_count" : 1,
    "source_rows" : 2815,
    "source_byte_size" : 0,
    "partition_num" : 1,
    "partition_values" : [ ],
    "is_ready" : false,
    "create_time" : 1647569566183,
    "multi_partition" : [ ]
  }, {
    "layout_id" : 1010001,
    "build_job_id" : "73fe9dfe-17c8-df21-92df-3ab873be3352",
    "rows" : 214,
    "byte_size" : 65723,
    "file_count" : 1,
    "source_rows" : 2611,
    "source_byte_size" : 0,
    "partition_num" : 1,
    "partition_values" : [ ],
    "is_ready" : false,
    "create_time" : 1647569566267,
    "multi_partition" : [ ]
  }, {
    "layout_id" : 1080001,
    "build_job_id" : "73fe9dfe-17c8-df21-92df-3ab873be3352",
    "rows" : 138,
    "byte_size" : 65849,
    "file_count" : 1,
    "source_rows" : 143,
    "source_byte_size" : 0,
    "partition_num" : 1,
    "partition_values" : [ ],
    "is_ready" : false,
    "create_time" : 1647569567112,
    "multi_partition" : [ ]
  }, {
    "layout_id" : 1060001,
    "build_job_id" : "73fe9dfe-17c8-df21-92df-3ab873be3352",
    "rows" : 105,
    "byte_size" : 62227,
    "file_count" : 1,
    "source_rows" : 138,
    "source_byte_size" : 0,
    "partition_num" : 1,
    "partition_values" : [ ],
    "is_ready" : false,
    "create_time" : 1647569568101,
    "multi_partition" : [ ]
  }, {
    "layout_id" : 1030001,
    "build_job_id" : "73fe9dfe-17c8-df21-92df-3ab873be3352",
    "rows" : 44,
    "byte_size" : 57097,
    "file_count" : 1,
    "source_rows" : 105,
    "source_byte_size" : 0,
    "partition_num" : 1,
    "partition_values" : [ ],
    "is_ready" : false,
    "create_time" : 1647569568904,
    "multi_partition" : [ ]
  } ]
}