{
  "uuid" : "6b8bf6e2-3ad0-9014-41f2-e5a3c11bac4f",
  "last_modified" : 1647569461105,
  "create_time" : 1647569438620,
  "version" : "4.0.0.0",
  "dataflow" : "89af4ee2-2cdb-4b07-b39e-4c29856309aa",
  "layout_instances" : [ {
    "layout_id" : 20000030001,
    "build_job_id" : "2ef9bfc7-e84a-c44a-dd4c-df1eaab6ea7a",
    "rows" : 2172,
    "byte_size" : 24295,
    "file_count" : 1,
    "source_rows" : 2172,
    "source_byte_size" : 0,
    "partition_num" : 1,
    "partition_values" : [ ],
    "is_ready" : false,
    "create_time" : 1647569455845,
    "multi_partition" : [ ]
  }, {
    "layout_id" : 20000020001,
    "build_job_id" : "2ef9bfc7-e84a-c44a-dd4c-df1eaab6ea7a",
    "rows" : 2172,
    "byte_size" : 197967,
    "file_count" : 1,
    "source_rows" : 2172,
    "source_byte_size" : 0,
    "partition_num" : 1,
    "partition_values" : [ ],
    "is_ready" : false,
    "create_time" : 1647569455984,
    "multi_partition" : [ ]
  }, {
    "layout_id" : 20000000001,
    "build_job_id" : "2ef9bfc7-e84a-c44a-dd4c-df1eaab6ea7a",
    "rows" : 2172,
    "byte_size" : 24102,
    "file_count" : 1,
    "source_rows" : 2172,
    "source_byte_size" : 0,
    "partition_num" : 1,
    "partition_values" : [ ],
    "is_ready" : false,
    "create_time" : 1647569457504,
    "multi_partition" : [ ]
  }, {
    "layout_id" : 1000001,
    "build_job_id" : "2ef9bfc7-e84a-c44a-dd4c-df1eaab6ea7a",
    "rows" : 2172,
    "byte_size" : 299384,
    "file_count" : 1,
    "source_rows" : 2172,
    "source_byte_size" : 0,
    "partition_num" : 1,
    "partition_values" : [ ],
    "is_ready" : false,
    "create_time" : 1647569458243,
    "multi_partition" : [ ]
  }, {
    "layout_id" : 20000010001,
    "build_job_id" : "2ef9bfc7-e84a-c44a-dd4c-df1eaab6ea7a",
    "rows" : 2172,
    "byte_size" : 11646,
    "file_count" : 1,
    "source_rows" : 2172,
    "source_byte_size" : 0,
    "partition_num" : 1,
    "partition_values" : [ ],
    "is_ready" : false,
    "create_time" : 1647569458496,
    "multi_partition" : [ ]
  }, {
    "layout_id" : 30001,
    "build_job_id" : "2ef9bfc7-e84a-c44a-dd4c-df1eaab6ea7a",
    "rows" : 2172,
    "byte_size" : 33007,
    "file_count" : 1,
    "source_rows" : 2172,
    "source_byte_size" : 0,
    "partition_num" : 1,
    "partition_values" : [ ],
    "is_ready" : false,
    "create_time" : 1647569459216,
    "multi_partition" : [ ]
  }, {
    "layout_id" : 20001,
    "build_job_id" : "2ef9bfc7-e84a-c44a-dd4c-df1eaab6ea7a",
    "rows" : 2172,
    "byte_size" : 25334,
    "file_count" : 1,
    "source_rows" : 2172,
    "source_byte_size" : 0,
    "partition_num" : 1,
    "partition_values" : [ ],
    "is_ready" : false,
    "create_time" : 1647569460102,
    "multi_partition" : [ ]
  }, {
    "layout_id" : 10001,
    "build_job_id" : "2ef9bfc7-e84a-c44a-dd4c-df1eaab6ea7a",
    "rows" : 2172,
    "byte_size" : 24207,
    "file_count" : 1,
    "source_rows" : 2172,
    "source_byte_size" : 0,
    "partition_num" : 1,
    "partition_values" : [ ],
    "is_ready" : false,
    "create_time" : 1647569461104,
    "multi_partition" : [ ]
  }, {
    "layout_id" : 10002,
    "build_job_id" : "2ef9bfc7-e84a-c44a-dd4c-df1eaab6ea7a",
    "rows" : 2172,
    "byte_size" : 24207,
    "file_count" : 1,
    "source_rows" : 2172,
    "source_byte_size" : 0,
    "partition_num" : 1,
    "partition_values" : [ ],
    "is_ready" : false,
    "create_time" : 1647569461989,
    "multi_partition" : [ ]
  }, {
    "layout_id" : 1,
    "build_job_id" : "2ef9bfc7-e84a-c44a-dd4c-df1eaab6ea7a",
    "rows" : 2172,
    "byte_size" : 23007,
    "file_count" : 1,
    "source_rows" : 2172,
    "source_byte_size" : 0,
    "partition_num" : 1,
    "partition_values" : [ ],
    "is_ready" : false,
    "create_time" : 1647569461989,
    "multi_partition" : [ ]
  } ]
}