{
  "uuid": "741ca86a-1f13-46da-a59f-95fb68615e3a",
  "last_modified": 1509531215483,
  "version": "2.3.0.20500",
  "description": "test_description",
  "rule_based_index": {
    "dimensions": [ 0, 1, 2, 3, 4, 5, 6, 7, 8, 9, 13, 14, 15, 16, 17, 18, 19, 20, 21, 22, 23, 24, 25, 27, 28, 29, 30, 31, 32 ],
    "measures": [ 100000, 100001, 100002, 100003, 100004, 100005, 100007, 100008, 100009, 100010, 100011, 100012, 100013, 100014, 100015, 100016 ],
    "aggregation_groups": [
      {
        "includes": [ 2, 8, 3, 4, 16, 5, 6, 7 ],
        "select_rule": {
          "hierarchy_dims": [
            [ 5, 6, 7, 8 ]
          ],
          "mandatory_dims": [],
          "joint_dims": [
            [ 3, 4, 16 ]
          ],
          "dim_cap": 1
        }
      },
      {
        "includes": [ 2, 8, 3, 4, 16, 5, 6, 7, 9, 18, 19, 20, 21, 13, 14, 15, 17, 22, 23, 24, 25 ],
        "select_rule": {
          "hierarchy_dims": [],
          "mandatory_dims": [ 2 ],
          "joint_dims": [
            [ 5, 6, 7, 8 ],
            [ 3, 4, 16 ],
            [ 9, 18, 19, 20, 21 ],
            [ 13, 14, 15, 17, 22, 23, 24, 25 ]
          ],
          "dim_cap": 1
        }
      }
    ],
    "layout_id_mapping":[1010001,1020001,1030001,1040001,1050001,1060001,1080001,1070001,1000001,1090001,1100001,1110001,1120001],
    "index_start_id": 1010000,
    "storage_type": 20
  },
  "indexes": [
    {
      "id": 1000000,
      "dimensions": [
        0,
        1,
        2,
        3,
        4,
        5,
        6,
        7,
        8,
        9,
        13,
        14,
        15,
        16,
        17,
        18,
        19,
        20,
        21,
        22,
        23,
        24,
        25,
        27,
        28,
        29,
        30,
        31,
        32
      ],
      "measures": [
        100000,
        100001,
        100002,
        100003,
        100004,
        100005,
        100007,
        100008,
        100009,
        100010,
        100011,
        100012,
        100013,
        100014,
        100015,
        100016
      ],
      "layouts": [
        {
          "id": 1000001,
          "auto": true,
          "col_order": [
            0,
            1,
            2,
            3,
            4,
            5,
            6,
            7,
            8,
            9,
            13,
            14,
            15,
            16,
            17,
            18,
            19,
            20,
            21,
            22,
            23,
            24,
            25,
            27,
            28,
            29,
            30,
            31,
            32,
            100000,
            100001,
            100002,
            100003,
            100004,
            100005,
            100007,
            100008,
            100009,
            100010,
            100011,
            100012,
            100013,
            100014,
            100015,
            100016
          ],
          "storage_type": 20
        }
      ],
      "next_layout_offset": 2
    },
    {
      "id": 0,
      "dimensions": [
        0,
        1
      ],
      "measures": [
        100000,
        100003,
        100012,
        100013,
        100014
      ],
      "layouts": [
        {
          "id": 1,
          "auto": true,
          "col_order": [
            1,
            0,
            100000,
            100003,
            100012,
            100013,
            100014
          ],
          "storage_type": 20
        }
      ]
    },
    {
      "id": 10000,
      "dimensions": [
        0,
        1,
        2
      ],
      "measures": [
        100000,
        100012,
        100013,
        100014
      ],
      "layouts": [
        {
          "id": 10001,
          "auto": true,
          "col_order": [
            1,
            0,
            2,
            100000,
            100012,
            100013,
            100014
          ],
          "storage_type": 20
        },
        {
          "id": 10002,
          "auto": true,
          "col_order": [
            1,
            2,
            0,
            100000,
            100012,
            100013,
            100014
          ],
          "storage_type": 20
        }
      ]
    },
    {
      "id": 20000,
      "dimensions": [
        0,
        1,
        2,
        3
      ],
      "measures": [
        100000,
        100003,
        100012,
        100013,
        100014
      ],
      "layouts": [
        {
          "id": 20001,
          "auto": true,
          "col_order": [
            1,
            0,
            2,
            3,
            100000,
            100003,
            100012,
            100013,
            100014
          ],
          "storage_type": 20
        }
      ]
    },
    {
      "id": 30000,
      "dimensions": [
        0,
        1,
        2,
        4
      ],
      "measures": [
        100000,
        100003,
        100005,
        100012,
        100013,
        100014
      ],
      "layouts": [
        {
          "id": 30001,
          "auto": true,
          "col_order": [
            1,
            0,
            2,
            4,
            100000,
            100003,
            100005,
            100012,
            100013,
            100014
          ],
          "storage_type": 20
        }
      ]
    },
    {
      "id": 20000000000,
      "dimensions": [
        0,
        1,
        2,
        4,
        11
      ],
      "layouts": [
        {
          "id": 20000000001,
          "auto": true,
          "col_order": [
            1,
            0,
            2,
            4,
            11
          ],
          "sort_by_columns": [
            0
          ],
          "storage_type": 20
        }
      ]
    },
    {
      "id": 20000010000,
      "dimensions": [
        0,
        1,
        2
      ],
      "layouts": [
        {
          "id": 20000010001,
          "auto": true,
          "col_order": [
            1,
            0,
            2
          ],
          "sort_by_columns": [
            0,
            2
          ],
          "storage_type": 20
        }
      ]
    },
    {
      "id": 20000020000,
      "dimensions": [
        0,
        1,
        2,
        3,
        4,
        5,
        6,
        7,
        8,
        9,
        11,
        12,
        13,
        14,
        15,
        16,
        17,
        18,
        19,
        20,
        21,
        22,
        23,
        24,
        25,
        26,
        27,
        28,
        29,
        30,
        31,
        32
      ],
      "layouts": [
        {
          "id": 20000020001,
          "auto": true,
          "col_order": [
            0,
            1,
            2,
            3,
            4,
            5,
            6,
            7,
            8,
            9,
            11,
            12,
            13,
            14,
            15,
            16,
            17,
            18,
            19,
            20,
            21,
            22,
            23,
            24,
            25,
            26,
            27,
            28,
            29,
            30,
            31,
            32
          ],
          "sort_by_columns": [
            0
          ],
          "storage_type": 20
        }
      ]
    }
  ],
  "dictionaries": [
    {
      "id": 26,
      "builder": "org.apache.kylin.dict.NGlobalDictionaryBuilder2"
    }
  ],
  "next_aggregation_index_id": 1130000,
  "next_table_index_id": 20000030000,
  "override_properties": {},
  "segment_range_start": 0,
  "segment_range_end": 9223372036854775807,
  "auto_merge_time_ranges": null,
  "retention_range": 0,
  "notify_list": null,
  "status_need_notify": [],
  "engine_type": 0
}