{
  "uuid" : "741ca86a-1f13-46da-a59f-95fb68615e3a",
  "last_modified" : 1647569544211,
  "create_time" : 1647569517537,
  "version" : "2.3.0.20500",
  "status" : "ONLINE",
  "cost" : 50,
  "query_hit_count" : 4,
  "last_query_time" : 0,
  "layout_query_hit_count" : { },
  "segments" : [ {
    "id" : "2991a0bb-d672-1961-c5c8-606edc00110b",
    "name" : "20100101000000_20120601000000",
    "create_time_utc" : 1647569517609,
    "status" : "READY",
    "segRange" : {
      "@class" : "org.apache.kylin.metadata.model.SegmentRange$TimePartitionedSegmentRange",
      "date_range_start" : 1262275200000,
      "date_range_end" : 1338480000000
    },
    "timeRange" : null,
    "dimension_range_info_map" : {
      "22" : {
        "min" : "0",
        "max" : "4"
      },
      "23" : {
        "min" : "0",
        "max" : "4"
      },
      "24" : {
        "min" : "CN",
        "max" : "US"
      },
      "25" : {
        "min" : "China",
        "max" : "United States"
      },
      "26" : {
        "min" : "TEST0",
        "max" : "TEST999"
      },
      "27" : {
        "min" : "-93481.0800",
        "max" : "992393.1000"
      },
      "28" : {
        "min" : "2012",
        "max" : "2012"
      },
      "29" : {
        "min" : "-88.6600",
        "max" : "1010.8400"
      },
      "30" : {
        "min" : "-1063.9200",
        "max" : "12130.0800"
      },
      "31" : {
        "min" : "-1064",
        "max" : "12130"
      },
      "32" : {
        "min" : "-998032",
        "max" : "12040495"
      },
      "11" : {
        "min" : "-99.6600",
        "max" : "999.8400"
      },
      "12" : {
        "min" : "0",
        "max" : "999"
      },
      "13" : {
        "min" : "0",
        "max" : "4999"
      },
      "14" : {
        "min" : "2009-12-22",
        "max" : "2014-12-20"
      },
      "15" : {
        "min" : "2009-12-23 17:43:41.0",
        "max" : "2014-12-20 10:56:28.0"
      },
      "16" : {
        "min" : "-99",
        "max" : "16"
      },
      "17" : {
        "min" : "10000500",
        "max" : "10001499"
      },
      "18" : {
        "min" : "0",
        "max" : "4"
      },
      "19" : {
        "min" : "0",
        "max" : "4"
      },
      "0" : {
        "min" : "Australia",
        "max" : "英国"
      },
      "1" : {
        "min" : "0",
        "max" : "2053"
      },
      "2" : {
        "min" : "2012-01-01",
        "max" : "2012-05-31"
      },
      "3" : {
        "min" : "ABIN",
        "max" : "Others"
      },
      "4" : {
        "min" : "0",
        "max" : "211"
      },
      "5" : {
        "min" : "Abbigliamento e accessori",
        "max" : "eBay Premier"
      },
      "6" : {
        "min" : "Action Figures",
        "max" : "YarGarden & Outdoor Living"
      },
      "7" : {
        "min" : "1970-Now",
        "max" : "Wristwatches"
      },
      "8" : {
        "min" : "65",
        "max" : "175750"
      },
      "9" : {
        "min" : "10000001",
        "max" : "10000999"
      },
      "20" : {
        "min" : "CN",
        "max" : "US"
      },
      "21" : {
        "min" : "China",
        "max" : "United States"
      }
    },
    "parameters" : null,
    "dictionaries" : null,
    "snapshots" : null,
    "last_build_time" : 1647569543000,
    "source_count" : 2037,
    "source_bytes_size" : 1682470,
    "column_source_bytes" : {
      "DEFAULT.TEST_KYLIN_FACT.PRICE" : 16069,
      "DEFAULT.TEST_KYLIN_FACT.LEAF_CATEG_ID" : 10191,
      "DEFAULT.TEST_KYLIN_FACT.TEST_COUNT_DISTINCT_BITMAP" : 14049,
      "DEFAULT.TEST_KYLIN_FACT.DEAL_AMOUNT" : 21618,
      "EDW.TEST_CAL_DT.CAL_DT" : 7310,
      "DEFAULT.TEST_KYLIN_FACT.NEST4" : 13584,
      "DEFAULT.TEST_ACCOUNT.ACCOUNT_SELLER_LEVEL" : 4000,
      "DEFAULT.TEST_ACCOUNT.ACCOUNT_BUYER_LEVEL" : 4000,
      "DEFAULT.TEST_KYLIN_FACT.LSTG_SITE_ID" : 2564,
      "DEFAULT.TEST_KYLIN_FACT.LSTG_FORMAT_NAME" : 13319,
      "DEFAULT.TEST_KYLIN_FACT.TRANS_ID" : 5909,
      "DEFAULT.TEST_KYLIN_FACT.NEST1" : 16092,
      "DEFAULT.TEST_KYLIN_FACT.SELLER_ID" : 16296,
      "DEFAULT.TEST_CATEGORY_GROUPINGS.META_CATEG_NAME" : 2629,
      "EDW.TEST_SITES.SITE_NAME" : 1426,
      "DEFAULT.TEST_KYLIN_FACT.NEST3" : 8298,
      "DEFAULT.TEST_CATEGORY_GROUPINGS.CATEG_LVL3_NAME" : 2100,
      "DEFAULT.TEST_ORDER.TEST_TIME_ENC" : 42777,
      "DEFAULT.TEST_KYLIN_FACT.ORDER_ID" : 7695,
      "DEFAULT.TEST_ORDER.BUYER_ID" : 16296,
      "DEFAULT.TEST_KYLIN_FACT.DEAL_YEAR" : 8148,
      "DEFAULT.TEST_COUNTRY.NAME" : 3772,
      "DEFAULT.TEST_ACCOUNT.ACCOUNT_COUNTRY" : 8000,
      "DEFAULT.TEST_CATEGORY_GROUPINGS.CATEG_LVL2_NAME" : 2364,
      "DEFAULT.TEST_KYLIN_FACT.ITEM_COUNT" : 5903,
      "DEFAULT.TEST_ORDER.TEST_DATE_ENC" : 20370,
      "DEFAULT.TEST_KYLIN_FACT.NEST2" : 18483,
      "DEFAULT.TEST_KYLIN_FACT.SLR_SEGMENT_CD" : 4065,
      "DEFAULT.TEST_KYLIN_FACT.CAL_DT" : 20370
    },
    "ori_snapshot_size" : { },
    "additionalInfo" : { },
    "is_realtime_segment" : false,
    "is_snapshot_ready" : false,
    "is_dict_ready" : false,
    "is_flat_table_ready" : true,
    "is_fact_view_ready" : false,
    "multi_partitions" : [ ],
    "max_bucket_id" : -1
  }, {
    "id" : "be11f0a2-6359-b5c0-559a-a82c551f82b0",
    "name" : "20120601000000_20130101000000",
    "create_time_utc" : 1647569544306,
    "status" : "NEW",
    "segRange" : {
      "@class" : "org.apache.kylin.metadata.model.SegmentRange$TimePartitionedSegmentRange",
      "date_range_start" : 1338480000000,
      "date_range_end" : 1356969600000
    },
    "timeRange" : null,
    "dimension_range_info_map" : { },
    "parameters" : null,
    "dictionaries" : null,
    "snapshots" : null,
    "last_build_time" : 0,
    "source_count" : 0,
    "source_bytes_size" : 0,
    "column_source_bytes" : { },
    "ori_snapshot_size" : { },
    "additionalInfo" : { },
    "is_realtime_segment" : false,
    "is_snapshot_ready" : false,
    "is_dict_ready" : false,
    "is_flat_table_ready" : false,
    "is_fact_view_ready" : false,
    "multi_partitions" : [ ],
    "max_bucket_id" : -1
  } ]
}