{
  "uuid" : "40623bf6-4501-f32b-b8d9-5cfc810e9a93",
  "last_modified" : 1647569413515,
  "create_time" : 1647569413515,
  "version" : "4.0.0.0",
  "dataflow" : "89af4ee2-2cdb-4b07-b39e-4c29856309aa",
  "layout_instances" : [ {
    "layout_id" : 20000030001,
    "build_job_id" : "3621d8b9-1140-d424-98f4-828e506d3742",
    "rows" : 2849,
    "byte_size" : 31390,
    "file_count" : 1,
    "source_rows" : 2849,
    "source_byte_size" : 0,
    "partition_num" : 1,
    "partition_values" : [ ],
    "is_ready" : false,
    "create_time" : 1647569431855,
    "multi_partition" : [ ]
  }, {
    "layout_id" : 20000020001,
    "build_job_id" : "3621d8b9-1140-d424-98f4-828e506d3742",
    "rows" : 2849,
    "byte_size" : 245434,
    "file_count" : 1,
    "source_rows" : 2849,
    "source_byte_size" : 0,
    "partition_num" : 1,
    "partition_values" : [ ],
    "is_ready" : false,
    "create_time" : 1647569431994,
    "multi_partition" : [ ]
  }, {
    "layout_id" : 20000000001,
    "build_job_id" : "3621d8b9-1140-d424-98f4-828e506d3742",
    "rows" : 2849,
    "byte_size" : 31157,
    "file_count" : 1,
    "source_rows" : 2849,
    "source_byte_size" : 0,
    "partition_num" : 1,
    "partition_values" : [ ],
    "is_ready" : false,
    "create_time" : 1647569433090,
    "multi_partition" : [ ]
  }, {
    "layout_id" : 1000001,
    "build_job_id" : "3621d8b9-1140-d424-98f4-828e506d3742",
    "rows" : 2849,
    "byte_size" : 374160,
    "file_count" : 1,
    "source_rows" : 2849,
    "source_byte_size" : 0,
    "partition_num" : 1,
    "partition_values" : [ ],
    "is_ready" : false,
    "create_time" : 1647569434022,
    "multi_partition" : [ ]
  }, {
    "layout_id" : 20000010001,
    "build_job_id" : "3621d8b9-1140-d424-98f4-828e506d3742",
    "rows" : 2849,
    "byte_size" : 15002,
    "file_count" : 1,
    "source_rows" : 2849,
    "source_byte_size" : 0,
    "partition_num" : 1,
    "partition_values" : [ ],
    "is_ready" : false,
    "create_time" : 1647569434260,
    "multi_partition" : [ ]
  }, {
    "layout_id" : 30001,
    "build_job_id" : "3621d8b9-1140-d424-98f4-828e506d3742",
    "rows" : 2849,
    "byte_size" : 41346,
    "file_count" : 1,
    "source_rows" : 2849,
    "source_byte_size" : 0,
    "partition_num" : 1,
    "partition_values" : [ ],
    "is_ready" : false,
    "create_time" : 1647569434821,
    "multi_partition" : [ ]
  }, {
    "layout_id" : 20001,
    "build_job_id" : "3621d8b9-1140-d424-98f4-828e506d3742",
    "rows" : 2849,
    "byte_size" : 32392,
    "file_count" : 1,
    "source_rows" : 2849,
    "source_byte_size" : 0,
    "partition_num" : 1,
    "partition_values" : [ ],
    "is_ready" : false,
    "create_time" : 1647569435464,
    "multi_partition" : [ ]
  }, {
    "layout_id" : 10002,
    "build_job_id" : "3621d8b9-1140-d424-98f4-828e506d3742",
    "rows" : 2849,
    "byte_size" : 31009,
    "file_count" : 1,
    "source_rows" : 2849,
    "source_byte_size" : 0,
    "partition_num" : 1,
    "partition_values" : [ ],
    "is_ready" : false,
    "create_time" : 1647569436398,
    "multi_partition" : [ ]
  }, {
    "layout_id" : 10001,
    "build_job_id" : "3621d8b9-1140-d424-98f4-828e506d3742",
    "rows" : 2849,
    "byte_size" : 31009,
    "file_count" : 1,
    "source_rows" : 2849,
    "source_byte_size" : 0,
    "partition_num" : 1,
    "partition_values" : [ ],
    "is_ready" : false,
    "create_time" : 1647569437032,
    "multi_partition" : [ ]
  }, {
    "layout_id" : 1,
    "build_job_id" : "3621d8b9-1140-d424-98f4-828e506d3742",
    "rows" : 2849,
    "byte_size" : 29414,
    "file_count" : 1,
    "source_rows" : 2849,
    "source_byte_size" : 0,
    "partition_num" : 1,
    "partition_values" : [ ],
    "is_ready" : false,
    "create_time" : 1647569437032,
    "multi_partition" : [ ]
  } ]
}