{
  "uuid" : "56f04021-6d24-b319-d433-26cd1cc9563e",
  "last_modified" : 1647569368617,
  "create_time" : 1647569368609,
  "version" : "4.0.0.0",
  "dataflow" : "89af4ee2-2cdb-4b07-b39e-4c29856309aa",
  "layout_instances" : [ {
    "layout_id" : 20000030001,
    "build_job_id" : "fadcb769-18e6-bd2a-adfc-0229dc676d49",
    "rows" : 2054,
    "byte_size" : 23692,
    "file_count" : 1,
    "source_rows" : 2054,
    "source_byte_size" : 0,
    "partition_num" : 1,
    "partition_values" : [ ],
    "is_ready" : false,
    "create_time" : 1647569404754,
    "multi_partition" : [ ]
  }, {
    "layout_id" : 20000020001,
    "build_job_id" : "fadcb769-18e6-bd2a-adfc-0229dc676d49",
    "rows" : 2054,
    "byte_size" : 189018,
    "file_count" : 1,
    "source_rows" : 2054,
    "source_byte_size" : 0,
    "partition_num" : 1,
    "partition_values" : [ ],
    "is_ready" : false,
    "create_time" : 1647569404891,
    "multi_partition" : [ ]
  }, {
    "layout_id" : 20000000001,
    "build_job_id" : "fadcb769-18e6-bd2a-adfc-0229dc676d49",
    "rows" : 2054,
    "byte_size" : 23684,
    "file_count" : 1,
    "source_rows" : 2054,
    "source_byte_size" : 0,
    "partition_num" : 1,
    "partition_values" : [ ],
    "is_ready" : false,
    "create_time" : 1647569406202,
    "multi_partition" : [ ]
  }, {
    "layout_id" : 20000010001,
    "build_job_id" : "fadcb769-18e6-bd2a-adfc-0229dc676d49",
    "rows" : 2054,
    "byte_size" : 11891,
    "file_count" : 1,
    "source_rows" : 2054,
    "source_byte_size" : 0,
    "partition_num" : 1,
    "partition_values" : [ ],
    "is_ready" : false,
    "create_time" : 1647569407273,
    "multi_partition" : [ ]
  }, {
    "layout_id" : 1000001,
    "build_job_id" : "fadcb769-18e6-bd2a-adfc-0229dc676d49",
    "rows" : 2054,
    "byte_size" : 285964,
    "file_count" : 1,
    "source_rows" : 2054,
    "source_byte_size" : 0,
    "partition_num" : 1,
    "partition_values" : [ ],
    "is_ready" : false,
    "create_time" : 1647569407787,
    "multi_partition" : [ ]
  }, {
    "layout_id" : 30001,
    "build_job_id" : "fadcb769-18e6-bd2a-adfc-0229dc676d49",
    "rows" : 2054,
    "byte_size" : 32330,
    "file_count" : 1,
    "source_rows" : 2054,
    "source_byte_size" : 0,
    "partition_num" : 1,
    "partition_values" : [ ],
    "is_ready" : false,
    "create_time" : 1647569408787,
    "multi_partition" : [ ]
  }, {
    "layout_id" : 20001,
    "build_job_id" : "fadcb769-18e6-bd2a-adfc-0229dc676d49",
    "rows" : 2054,
    "byte_size" : 24909,
    "file_count" : 1,
    "source_rows" : 2054,
    "source_byte_size" : 0,
    "partition_num" : 1,
    "partition_values" : [ ],
    "is_ready" : false,
    "create_time" : 1647569409587,
    "multi_partition" : [ ]
  }, {
    "layout_id" : 10002,
    "build_job_id" : "fadcb769-18e6-bd2a-adfc-0229dc676d49",
    "rows" : 2054,
    "byte_size" : 23827,
    "file_count" : 1,
    "source_rows" : 2054,
    "source_byte_size" : 0,
    "partition_num" : 1,
    "partition_values" : [ ],
    "is_ready" : false,
    "create_time" : 1647569410438,
    "multi_partition" : [ ]
  }, {
    "layout_id" : 10001,
    "build_job_id" : "fadcb769-18e6-bd2a-adfc-0229dc676d49",
    "rows" : 2054,
    "byte_size" : 23827,
    "file_count" : 1,
    "source_rows" : 2054,
    "source_byte_size" : 0,
    "partition_num" : 1,
    "partition_values" : [ ],
    "is_ready" : false,
    "create_time" : 1647569411306,
    "multi_partition" : [ ]
  }, {
    "layout_id" : 1,
    "build_job_id" : "fadcb769-18e6-bd2a-adfc-0229dc676d49",
    "rows" : 2054,
    "byte_size" : 22615,
    "file_count" : 1,
    "source_rows" : 2054,
    "source_byte_size" : 0,
    "partition_num" : 1,
    "partition_values" : [ ],
    "is_ready" : false,
    "create_time" : 1647569411306,
    "multi_partition" : [ ]
  } ]
}