{
  "uuid" : "89af4ee2-2cdb-4b07-b39e-4c29856309aa",
  "last_modified" : 1647569463363,
  "create_time" : 1647569412528,
  "version" : "2.3.0.20500",
  "description" : "test_description",
  "rule_based_index" : null,
  "indexes" : [ {
    "id" : 1000000,
    "dimensions" : [ 0, 1, 2, 3, 4, 5, 6, 7, 8, 9, 13, 14, 15, 16, 17, 18, 19, 20, 21, 22, 23, 24, 25, 27, 28, 29, 30, 31, 32, 33, 34, 35, 36 ],
    "measures" : [ 100000, 100001, 100002, 100003, 100004, 100005, 100007, 100008, 100009, 100010, 100011, 100012, 100013, 100014, 100015, 100016, 100017 ],
    "layouts" : [ {
      "id" : 1000001,
      "name" : null,
      "owner" : null,
      "col_order" : [ 0, 1, 2, 3, 4, 5, 6, 7, 8, 9, 13, 14, 15, 16, 17, 18, 19, 20, 21, 22, 23, 24, 25, 27, 28, 29, 30, 31, 32, 33, 34, 35, 36, 100000, 100001, 100002, 100003, 100004, 100005, 100007, 100008, 100009, 100010, 100011, 100012, 100013, 100014, 100015, 100016, 100017 ],
      "shard_by_columns" : [ ],
      "partition_by_columns" : [ ],
      "sort_by_columns" : [ ],
      "storage_type" : 20,
      "update_time" : 0,
      "manual" : false,
      "auto" : true,
      "base" : false,
      "draft_version" : null,
      "index_range" : null
    } ],
    "next_layout_offset" : 2
  }, {
    "id" : 0,
    "dimensions" : [ 0, 1 ],
    "measures" : [ 100000, 100003, 100012, 100013, 100014 ],
    "layouts" : [ {
      "id" : 1,
      "name" : null,
      "owner" : null,
      "col_order" : [ 1, 0, 100000, 100003, 100012, 100013, 100014 ],
      "shard_by_columns" : [ ],
      "partition_by_columns" : [ ],
      "sort_by_columns" : [ ],
      "storage_type" : 20,
      "update_time" : 0,
      "manual" : false,
      "auto" : true,
      "base" : false,
      "draft_version" : null,
      "index_range" : null
    } ],
    "next_layout_offset" : 2
  }, {
    "id" : 10000,
    "dimensions" : [ 0, 1, 2 ],
    "measures" : [ 100000, 100003, 100012, 100013, 100014 ],
    "layouts" : [ {
      "id" : 10001,
      "name" : null,
      "owner" : null,
      "col_order" : [ 1, 0, 2, 100000, 100003, 100012, 100013, 100014 ],
      "shard_by_columns" : [ ],
      "partition_by_columns" : [ ],
      "sort_by_columns" : [ ],
      "storage_type" : 20,
      "update_time" : 0,
      "manual" : false,
      "auto" : true,
      "base" : false,
      "draft_version" : null,
      "index_range" : null
    }, {
      "id" : 10002,
      "name" : null,
      "owner" : null,
      "col_order" : [ 1, 2, 0, 100000, 100003, 100012, 100013, 100014 ],
      "shard_by_columns" : [ ],
      "partition_by_columns" : [ ],
      "sort_by_columns" : [ ],
      "storage_type" : 20,
      "update_time" : 0,
      "manual" : false,
      "auto" : true,
      "base" : false,
      "draft_version" : null,
      "index_range" : null
    } ],
    "next_layout_offset" : 3
  }, {
    "id" : 20000,
    "dimensions" : [ 0, 1, 2, 3 ],
    "measures" : [ 100000, 100003, 100012, 100013, 100014 ],
    "layouts" : [ {
      "id" : 20001,
      "name" : null,
      "owner" : null,
      "col_order" : [ 1, 0, 2, 3, 100000, 100003, 100012, 100013, 100014 ],
      "shard_by_columns" : [ ],
      "partition_by_columns" : [ ],
      "sort_by_columns" : [ ],
      "storage_type" : 20,
      "update_time" : 0,
      "manual" : false,
      "auto" : true,
      "base" : false,
      "draft_version" : null,
      "index_range" : null
    } ],
    "next_layout_offset" : 2
  }, {
    "id" : 30000,
    "dimensions" : [ 0, 1, 2, 3, 4 ],
    "measures" : [ 100000, 100003, 100005, 100012, 100013, 100014 ],
    "layouts" : [ {
      "id" : 30001,
      "name" : null,
      "owner" : null,
      "col_order" : [ 1, 0, 2, 3, 4, 100000, 100003, 100005, 100012, 100013, 100014 ],
      "shard_by_columns" : [ ],
      "partition_by_columns" : [ ],
      "sort_by_columns" : [ ],
      "storage_type" : 20,
      "update_time" : 0,
      "manual" : false,
      "auto" : true,
      "base" : false,
      "draft_version" : null,
      "index_range" : null
    } ],
    "next_layout_offset" : 2
  }, {
    "id" : 20000000000,
    "dimensions" : [ 0, 1, 2, 4, 11 ],
    "measures" : [ ],
    "layouts" : [ {
      "id" : 20000000001,
      "name" : null,
      "owner" : null,
      "col_order" : [ 1, 0, 2, 4, 11 ],
      "shard_by_columns" : [ ],
      "partition_by_columns" : [ ],
      "sort_by_columns" : [ ],
      "storage_type" : 20,
      "update_time" : 0,
      "manual" : false,
      "auto" : true,
      "base" : false,
      "draft_version" : null,
      "index_range" : null
    } ],
    "next_layout_offset" : 2
  }, {
    "id" : 20000010000,
    "dimensions" : [ 0, 1, 2 ],
    "measures" : [ ],
    "layouts" : [ {
      "id" : 20000010001,
      "name" : null,
      "owner" : null,
      "col_order" : [ 1, 0, 2 ],
      "shard_by_columns" : [ ],
      "partition_by_columns" : [ ],
      "sort_by_columns" : [ 0, 2 ],
      "storage_type" : 20,
      "update_time" : 0,
      "manual" : false,
      "auto" : true,
      "base" : false,
      "draft_version" : null,
      "index_range" : null
    } ],
    "next_layout_offset" : 2
  }, {
    "id" : 20000020000,
    "dimensions" : [ 0, 1, 2, 3, 4, 5, 6, 7, 8, 9, 11, 12, 13, 14, 15, 16, 17, 18, 19, 20, 21, 22, 23, 24, 25, 26, 27, 28, 29, 30, 31, 32, 33, 34, 35, 36, 48 ],
    "measures" : [ ],
    "layouts" : [ {
      "id" : 20000020001,
      "name" : null,
      "owner" : null,
      "col_order" : [ 0, 1, 2, 3, 4, 5, 6, 7, 8, 9, 11, 12, 13, 14, 15, 16, 17, 18, 19, 20, 21, 22, 23, 24, 25, 26, 27, 28, 29, 30, 31, 32, 33, 34, 35, 36, 48 ],
      "shard_by_columns" : [ ],
      "partition_by_columns" : [ ],
      "sort_by_columns" : [ 0 ],
      "storage_type" : 20,
      "update_time" : 0,
      "manual" : false,
      "auto" : true,
      "base" : false,
      "draft_version" : null,
      "index_range" : null
    } ],
    "next_layout_offset" : 2
  }, {
    "id" : 20000030000,
    "dimensions" : [ 0, 1, 38 ],
    "measures" : [ ],
    "layouts" : [ {
      "id" : 20000030001,
      "name" : null,
      "owner" : null,
      "col_order" : [ 1, 0, 38 ],
      "shard_by_columns" : [ ],
      "partition_by_columns" : [ ],
      "sort_by_columns" : [ 0, 38 ],
      "storage_type" : 20,
      "update_time" : 0,
      "manual" : false,
      "auto" : true,
      "base" : false,
      "draft_version" : null,
      "index_range" : null
    } ],
    "next_layout_offset" : 2
  } ],
  "override_properties" : { },
  "to_be_deleted_indexes" : [ ],
  "auto_merge_time_ranges" : null,
  "retention_range" : 0,
  "engine_type" : 0,
  "dictionaries" : [ {
    "id" : 26,
    "reuse" : -1,
    "builder" : "org.apache.kylin.dict.NGlobalDictionaryBuilder2"
  } ],
  "next_aggregation_index_id" : 1010000,
  "next_table_index_id" : 20000040000,
  "agg_shard_by_columns" : [ ],
  "extend_partition_columns" : [ ],
  "layout_bucket_num" : { },
  "approved_additional_recs" : 0,
  "approved_removal_recs" : 0
}