{"distMetaUrl":"../examples/test_data/31618/metadata@hdfs,path=file:///Users/enwei.jiao/workspace/kap4/src/spark-project/examples/test_data/31618/working-dir/..-examples-test_data-31618-metadata/default/job_tmp/2ef9bfc7-e84a-c44a-dd4c-df1eaab6ea7a/00/meta","submitter":"ADMIN","dataflowId":"89af4ee2-2cdb-4b07-b39e-4c29856309aa","dataRangeEnd":"1370016000000","targetModel":"89af4ee2-2cdb-4b07-b39e-4c29856309aa","excludedTables":"","dataRangeStart":"1356969600000","project":"default","className":"io.kyligence.kap.engine.spark.job.RDSegmentBuildJob","parentId":"2ef9bfc7-e84a-c44a-dd4c-df1eaab6ea7a","jobId":"2ef9bfc7-e84a-c44a-dd4c-df1eaab6ea7a","outputMetaUrl":"../examples/test_data/31618/metadata@hdfs,path=file:///Users/enwei.jiao/workspace/kap4/src/spark-project/examples/test_data/31618/working-dir/..-examples-test_data-31618-metadata/default/job_tmp/2ef9bfc7-e84a-c44a-dd4c-df1eaab6ea7a/00/meta_output","layoutIds":"1000001,1,10001,10002,20001,30001,20000000001,20000010001,20000020001,20000030001","segmentIds":"6b8bf6e2-3ad0-9014-41f2-e5a3c11bac4f"}