{
  "uuid" : "741ca86a-1f13-46da-a59f-95fb68615e3a",
  "last_modified" : 1647569542137,
  "create_time" : 1647569517537,
  "version" : "2.3.0.20500",
  "status" : "OFFLINE",
  "cost" : 50,
  "query_hit_count" : 4,
  "last_query_time" : 0,
  "layout_query_hit_count" : { },
  "segments" : [ {
    "id" : "2991a0bb-d672-1961-c5c8-606edc00110b",
    "name" : "20100101000000_20120601000000",
    "create_time_utc" : 1647569517609,
    "status" : "NEW",
    "segRange" : {
      "@class" : "org.apache.kylin.metadata.model.SegmentRange$TimePartitionedSegmentRange",
      "date_range_start" : 1262275200000,
      "date_range_end" : 1338480000000
    },
    "timeRange" : null,
    "dimension_range_info_map" : { },
    "parameters" : null,
    "dictionaries" : null,
    "snapshots" : null,
    "last_build_time" : 0,
    "source_count" : 0,
    "source_bytes_size" : 0,
    "column_source_bytes" : { },
    "ori_snapshot_size" : { },
    "additionalInfo" : { },
    "is_realtime_segment" : false,
    "is_snapshot_ready" : false,
    "is_dict_ready" : true,
    "is_flat_table_ready" : true,
    "is_fact_view_ready" : false,
    "multi_partitions" : [ ],
    "max_bucket_id" : -1
  } ]
}