{
  "uuid" : "2991a0bb-d672-1961-c5c8-606edc00110b",
  "last_modified" : 1647569542136,
  "create_time" : 1647569517610,
  "version" : "4.0.0.0",
  "dataflow" : "741ca86a-1f13-46da-a59f-95fb68615e3a",
  "layout_instances" : [ {
    "layout_id" : 20000020001,
    "build_job_id" : "95689148-a0a8-bdd2-3051-da9c59a83152",
    "rows" : 2037,
    "byte_size" : 167132,
    "file_count" : 1,
    "source_rows" : 2037,
    "source_byte_size" : 0,
    "partition_num" : 1,
    "partition_values" : [ ],
    "is_ready" : false,
    "create_time" : 1647569531807,
    "multi_partition" : [ ]
  }, {
    "layout_id" : 20000000001,
    "build_job_id" : "95689148-a0a8-bdd2-3051-da9c59a83152",
    "rows" : 2037,
    "byte_size" : 23503,
    "file_count" : 1,
    "source_rows" : 2037,
    "source_byte_size" : 0,
    "partition_num" : 1,
    "partition_values" : [ ],
    "is_ready" : false,
    "create_time" : 1647569532682,
    "multi_partition" : [ ]
  }, {
    "layout_id" : 1000001,
    "build_job_id" : "95689148-a0a8-bdd2-3051-da9c59a83152",
    "rows" : 2037,
    "byte_size" : 261435,
    "file_count" : 1,
    "source_rows" : 2037,
    "source_byte_size" : 0,
    "partition_num" : 1,
    "partition_values" : [ ],
    "is_ready" : false,
    "create_time" : 1647569532935,
    "multi_partition" : [ ]
  }, {
    "layout_id" : 20000010001,
    "build_job_id" : "95689148-a0a8-bdd2-3051-da9c59a83152",
    "rows" : 2037,
    "byte_size" : 11802,
    "file_count" : 1,
    "source_rows" : 2037,
    "source_byte_size" : 0,
    "partition_num" : 1,
    "partition_values" : [ ],
    "is_ready" : false,
    "create_time" : 1647569535346,
    "multi_partition" : [ ]
  }, {
    "layout_id" : 30001,
    "build_job_id" : "95689148-a0a8-bdd2-3051-da9c59a83152",
    "rows" : 2037,
    "byte_size" : 31047,
    "file_count" : 1,
    "source_rows" : 2037,
    "source_byte_size" : 0,
    "partition_num" : 1,
    "partition_values" : [ ],
    "is_ready" : false,
    "create_time" : 1647569536633,
    "multi_partition" : [ ]
  }, {
    "layout_id" : 1100001,
    "build_job_id" : "95689148-a0a8-bdd2-3051-da9c59a83152",
    "rows" : 2028,
    "byte_size" : 129892,
    "file_count" : 1,
    "source_rows" : 2037,
    "source_byte_size" : 0,
    "partition_num" : 1,
    "partition_values" : [ ],
    "is_ready" : false,
    "create_time" : 1647569537208,
    "multi_partition" : [ ]
  }, {
    "layout_id" : 1050001,
    "build_job_id" : "95689148-a0a8-bdd2-3051-da9c59a83152",
    "rows" : 1941,
    "byte_size" : 132011,
    "file_count" : 1,
    "source_rows" : 2037,
    "source_byte_size" : 0,
    "partition_num" : 1,
    "partition_values" : [ ],
    "is_ready" : false,
    "create_time" : 1647569537410,
    "multi_partition" : [ ]
  }, {
    "layout_id" : 20001,
    "build_job_id" : "95689148-a0a8-bdd2-3051-da9c59a83152",
    "rows" : 2037,
    "byte_size" : 24727,
    "file_count" : 1,
    "source_rows" : 2037,
    "source_byte_size" : 0,
    "partition_num" : 1,
    "partition_values" : [ ],
    "is_ready" : false,
    "create_time" : 1647569537410,
    "multi_partition" : [ ]
  }, {
    "layout_id" : 1090001,
    "build_job_id" : "95689148-a0a8-bdd2-3051-da9c59a83152",
    "rows" : 2034,
    "byte_size" : 166936,
    "file_count" : 1,
    "source_rows" : 2037,
    "source_byte_size" : 0,
    "partition_num" : 1,
    "partition_values" : [ ],
    "is_ready" : false,
    "create_time" : 1647569537871,
    "multi_partition" : [ ]
  }, {
    "layout_id" : 1040001,
    "build_job_id" : "95689148-a0a8-bdd2-3051-da9c59a83152",
    "rows" : 1900,
    "byte_size" : 121082,
    "file_count" : 1,
    "source_rows" : 2037,
    "source_byte_size" : 0,
    "partition_num" : 1,
    "partition_values" : [ ],
    "is_ready" : false,
    "create_time" : 1647569537871,
    "multi_partition" : [ ]
  }, {
    "layout_id" : 1,
    "build_job_id" : "95689148-a0a8-bdd2-3051-da9c59a83152",
    "rows" : 2037,
    "byte_size" : 22439,
    "file_count" : 1,
    "source_rows" : 2037,
    "source_byte_size" : 0,
    "partition_num" : 1,
    "partition_values" : [ ],
    "is_ready" : false,
    "create_time" : 1647569539590,
    "multi_partition" : [ ]
  }, {
    "layout_id" : 1070001,
    "build_job_id" : "95689148-a0a8-bdd2-3051-da9c59a83152",
    "rows" : 143,
    "byte_size" : 55100,
    "file_count" : 1,
    "source_rows" : 1941,
    "source_byte_size" : 0,
    "partition_num" : 1,
    "partition_values" : [ ],
    "is_ready" : false,
    "create_time" : 1647569539770,
    "multi_partition" : [ ]
  }, {
    "layout_id" : 10002,
    "build_job_id" : "95689148-a0a8-bdd2-3051-da9c59a83152",
    "rows" : 2037,
    "byte_size" : 12998,
    "file_count" : 1,
    "source_rows" : 2037,
    "source_byte_size" : 0,
    "partition_num" : 1,
    "partition_values" : [ ],
    "is_ready" : false,
    "create_time" : 1647569540210,
    "multi_partition" : [ ]
  }, {
    "layout_id" : 10001,
    "build_job_id" : "95689148-a0a8-bdd2-3051-da9c59a83152",
    "rows" : 2037,
    "byte_size" : 12998,
    "file_count" : 1,
    "source_rows" : 2037,
    "source_byte_size" : 0,
    "partition_num" : 1,
    "partition_values" : [ ],
    "is_ready" : false,
    "create_time" : 1647569540210,
    "multi_partition" : [ ]
  }, {
    "layout_id" : 1020001,
    "build_job_id" : "95689148-a0a8-bdd2-3051-da9c59a83152",
    "rows" : 209,
    "byte_size" : 53949,
    "file_count" : 1,
    "source_rows" : 1900,
    "source_byte_size" : 0,
    "partition_num" : 1,
    "partition_values" : [ ],
    "is_ready" : false,
    "create_time" : 1647569540333,
    "multi_partition" : [ ]
  }, {
    "layout_id" : 1010001,
    "build_job_id" : "95689148-a0a8-bdd2-3051-da9c59a83152",
    "rows" : 151,
    "byte_size" : 50018,
    "file_count" : 1,
    "source_rows" : 1900,
    "source_byte_size" : 0,
    "partition_num" : 1,
    "partition_values" : [ ],
    "is_ready" : false,
    "create_time" : 1647569540393,
    "multi_partition" : [ ]
  }, {
    "layout_id" : 1080001,
    "build_job_id" : "95689148-a0a8-bdd2-3051-da9c59a83152",
    "rows" : 138,
    "byte_size" : 53870,
    "file_count" : 1,
    "source_rows" : 143,
    "source_byte_size" : 0,
    "partition_num" : 1,
    "partition_values" : [ ],
    "is_ready" : false,
    "create_time" : 1647569541156,
    "multi_partition" : [ ]
  }, {
    "layout_id" : 1060001,
    "build_job_id" : "95689148-a0a8-bdd2-3051-da9c59a83152",
    "rows" : 105,
    "byte_size" : 50357,
    "file_count" : 1,
    "source_rows" : 138,
    "source_byte_size" : 0,
    "partition_num" : 1,
    "partition_values" : [ ],
    "is_ready" : false,
    "create_time" : 1647569542136,
    "multi_partition" : [ ]
  }, {
    "layout_id" : 1030001,
    "build_job_id" : "95689148-a0a8-bdd2-3051-da9c59a83152",
    "rows" : 44,
    "byte_size" : 45996,
    "file_count" : 1,
    "source_rows" : 105,
    "source_byte_size" : 0,
    "partition_num" : 1,
    "partition_values" : [ ],
    "is_ready" : false,
    "create_time" : 1647569542866,
    "multi_partition" : [ ]
  } ]
}