{"content":"succeed","log_path":"file:///Users/enwei.jiao/workspace/kap4/src/spark-project/examples/test_data/31618/working-dir/..-examples-test_data-31618-metadata/default/job_tmp/73fe9dfe-17c8-df21-92df-3ab873be3352/01//execute_output.json.1647569548444.log","status":"SUCCEED","info":{"node_info":"192.168.31.34:7070","job_params":"{\"spark.sql.cbo.enabled\":\"true\",\"spark.master\":\"yarn\",\"spark.sql.legacy.avro.datetimeRebaseModeInRead\":\"LEGACY\",\"spark.driver.extraJavaOptions\":\"-Dfile.encoding=UTF-8 -Dhdp.version=current -XX:+HeapDumpOnOutOfMemoryError -XX:HeapDumpPath=${KYLIN_HOME}/logs -Dkylin.hdfs.working.dir=file:///Users/enwei.jiao/workspace/kap4/src/spark-project/examples/test_data/31618/working-dir/..-examples-test_data-31618-metadata/ -Dspark.driver.log4j.appender.hdfs.File=file:///Users/enwei.jiao/workspace/kap4/src/spark-project/examples/test_data/31618/working-dir/..-examples-test_data-31618-metadata/default/job_tmp/73fe9dfe-17c8-df21-92df-3ab873be3352/01//execute_output.json.1647569548444.log -Dlog4j.configurationFile=file:/Users/enwei.jiao/workspace/kap4/src/spark-project/spark-it/../examples/test_data/31618/server/conf/spark-driver-log4j.xml -Dspark.driver.rest.server.address=192.168.31.34:7070 -Dspark.driver.param.taskId=73fe9dfe-17c8-df21-92df-3ab873be3352_01 -Dspark.driver.local.logDir=/Users/enwei.jiao/workspace/kap4/src/spark-project/spark-it/../examples/test_data/31618/logs/spark\",\"spark.history.fs.logDirectory\":\"file:/Users/enwei.jiao/workspace/kap4/src/spark-project/examples/test_data/31618/working-dir/spark-history\",\"spark.sql.hive.metastore.version\":\"1.2.2\",\"spark.sql.legacy.parquet.int96RebaseModeInRead\":\"LEGACY\",\"spark.storage.memoryFraction\":\"0.3\",\"spark.driver.cores\":\"1\",\"spark.hadoop.yarn.timeline-service.enabled\":\"false\",\"spark.hadoop.mapreduce.input.fileinputformat.input.dir.recursive\":\"true\",\"spark.yarn.stagingDir\":\"file:/Users/enwei.jiao/workspace/kap4/src/spark-project/examples/test_data/31618/working-dir\",\"spark.driver.memoryOverhead\":\"256\",\"spark.sql.adaptive.enabled\":\"true\",\"spark.sql.crossJoin.enabled\":\"true\",\"spark.port.maxRetries\":\"128\",\"spark.yarn.submit.file.replication\":\"1\",\"spark.network.askTimeout\":\"1200s\",\"spark.yarn.queue\":\"default\",\"spark.submit.deployMode\":\"client\",\"spark.sql.sources.bucketing.enabled\":\"false\",\"spark.eventLog.enabled\":\"true\",\"spark.stage.maxConsecutiveAttempts\":\"1\",\"spark.hadoop.hive.exec.scratchdir\":\"file:/Users/enwei.jiao/workspace/kap4/src/spark-project/examples/test_data/31618/working-dir/hive-scratch\",\"spark.yarn.am.extraJavaOptions\":\"-Dhdp.version=current -Dlog4j.configurationFile=spark-appmaster-log4j.xml\",\"spark.sql.legacy.parquet.int96RebaseModeInWrite\":\"LEGACY\",\"spark.sql.legacy.avro.datetimeRebaseModeInWrite\":\"LEGACY\",\"spark.rpc.askTimeout\":\"1200s\",\"spark.sql.legacy.parquet.datetimeRebaseModeInRead\":\"LEGACY\",\"spark.sql.hive.caseSensitiveInferenceMode\":\"NEVER_INFER\",\"spark.executor.extraJavaOptions\":\"-Dfile.encoding=UTF-8 -Dhdp.version=current -Dlog4j.configurationFile=spark-executor-log4j.xml -Dlog4j.debug -Dkylin.hdfs.working.dir=file:/Users/enwei.jiao/workspace/kap4/src/spark-project/examples/test_data/31618/working-dir -Dkap.metadata.identifier=../examples/test_data/31618/metadata -Dkap.spark.category=job -Dkap.spark.project=default -Dkap.spark.identifier=73fe9dfe-17c8-df21-92df-3ab873be3352 -Dkap.spark.jobName=73fe9dfe-17c8-df21-92df-3ab873be3352_01 -Duser.timezone=GMT+08:00 -Dkap.spark.mountDir=${job.mountDir} -Dkylin.dictionary.globalV2-store-class-name=org.apache.spark.dict.NGlobalDictHDFSStore\",\"spark.eventLog.dir\":\"file:/Users/enwei.jiao/workspace/kap4/src/spark-project/examples/test_data/31618/working-dir/spark-history\",\"spark.sql.legacy.timeParserPolicy\":\"LEGACY\",\"spark.sql.broadcastTimeout\":\"999999\",\"spark.sql.optimizer.dynamicPartitionPruning.enabled\":\"false\",\"spark.sql.legacy.parquet.datetimeRebaseModeInWrite\":\"LEGACY\",\"spark.sql.hive.metastore.jars\":\"${KYLIN_HOME}/spark/hive_1_2_2/*\",\"spark.yarn.dist.files\":\"/Users/enwei.jiao/workspace/kap4/src/spark-project/spark-it/../examples/test_data/31618/server/conf/spark-executor-log4j.xml,/Users/enwei.jiao/workspace/kap4/src/spark-project/spark-it/../examples/test_data/31618/server/conf/spark-appmaster-log4j.xml\",\"spark.driver.memory\":\"2048m\",\"spark.driver.extraClassPath\":\"\",\"spark.executor.extraClassPath\":\"\"}"},"last_modified":1647569569591,"createTime":1647569544351,"start_time":1647569548425,"end_time":1647569569589,"wait_time":0,"duration":21164,"last_running_start_time":1647569548425,"is_resumable":true,"byte_size":0,"failed_msg":null,"failed_step_id":null,"failed_segment_id":null,"failed_stack":null,"failed_reason":null}