{"distMetaUrl":"../examples/test_data/31618/metadata@hdfs,path=file:///Users/enwei.jiao/workspace/kap4/src/spark-project/examples/test_data/31618/working-dir/..-examples-test_data-31618-metadata/default/job_tmp/fadcb769-18e6-bd2a-adfc-0229dc676d49/00/meta","submitter":"ADMIN","dataflowId":"89af4ee2-2cdb-4b07-b39e-4c29856309aa","dataRangeEnd":"1338480000000","targetModel":"89af4ee2-2cdb-4b07-b39e-4c29856309aa","excludedTables":"","dataRangeStart":"1262275200000","project":"default","className":"io.kyligence.kap.engine.spark.job.RDSegmentBuildJob","parentId":"fadcb769-18e6-bd2a-adfc-0229dc676d49","jobId":"fadcb769-18e6-bd2a-adfc-0229dc676d49","outputMetaUrl":"../examples/test_data/31618/metadata@hdfs,path=file:///Users/enwei.jiao/workspace/kap4/src/spark-project/examples/test_data/31618/working-dir/..-examples-test_data-31618-metadata/default/job_tmp/fadcb769-18e6-bd2a-adfc-0229dc676d49/00/meta_output","layoutIds":"1000001,1,10001,10002,20001,30001,20000000001,20000010001,20000020001,20000030001","segmentIds":"56f04021-6d24-b319-d433-26cd1cc9563e"}