{"distMetaUrl":"../examples/test_data/31618/metadata@hdfs,path=file:///Users/enwei.jiao/workspace/kap4/src/spark-project/examples/test_data/31618/working-dir/..-examples-test_data-31618-metadata/default/job_tmp/c3e25f2d-ed20-2e4f-9e6e-034416ec3026/01/meta","submitter":"ADMIN","dataflowId":"89af4ee2-2cdb-4b07-b39e-4c29856309aa","dataRangeEnd":"1420041600000","indexCount":"10","targetModel":"89af4ee2-2cdb-4b07-b39e-4c29856309aa","excludedTables":"","dataRangeStart":"1370016000000","project":"default","className":"io.kyligence.kap.engine.spark.job.SegmentBuildJob","parentId":"c3e25f2d-ed20-2e4f-9e6e-034416ec3026","jobId":"c3e25f2d-ed20-2e4f-9e6e-034416ec3026","outputMetaUrl":"../examples/test_data/31618/metadata@hdfs,path=file:///Users/enwei.jiao/workspace/kap4/src/spark-project/examples/test_data/31618/working-dir/..-examples-test_data-31618-metadata/default/job_tmp/c3e25f2d-ed20-2e4f-9e6e-034416ec3026/01/meta_output","layoutIds":"1000001,1,10001,10002,20001,30001,20000000001,20000010001,20000020001,20000030001","segmentIds":"2b572131-7499-5d07-cb23-77ebbd43d461"}